{
  "credit": "Made with Blockbench",
  "parent": "builtin/entity",
  "texture_size": [
    64,
    64
  ],
  "gui_light": "front",
  "display": {
    "thirdperson_righthand": {
      "translation": [
        -1.25,
        -8,
        0.25
      ],
      "scale": [
        0.38671875,
        0.38671875,
        0.38671875
      ]
    },
    "thirdperson_lefthand": {
      "translation": [
        -0.44999999999999996,
        -8,
        0
      ],
      "scale": [
        0.38,
        0.38,
        0.38
      ]
    },
    "firstperson_righthand": {
      "translation": [
        0,
        -5.25,
        0
      ],
      "scale": [
        0.302734375,
        0.302734375,
        0.302734375
      ]
    },
    "firstperson_lefthand": {
      "translation": [
        0,
        -5.2,
        0
      ],
      "scale": [
        0.3,
        0.3,
        0.3
      ]
    },
    "ground": {
      "scale": [
        0.380859375,
        0.380859375,
        0.380859375
      ]
    },
    "gui": {
      "rotation": [
        0,
        -90,
        0
      ],
      "translation": [
        -2.75,
        -6.75,
        0
      ],
      "scale": [
        0.4375,
        0.4375,
        0.4375
      ]
    },
    "fixed": {
      "rotation": [
        0,
        87.25,
        0
      ],
      "translation": [
        2.75,
        -8,
        -0.5
      ],
      "scale": [
        0.4609375,
        0.4609375,
        0.4609375
      ]
    }
  }
}